author_name,review,food,service,atmosphere,pricing
Sam Jaroudi,"I've been to that bakery for almost 30 years and they are exceptional.  The mana'eesh (Lebanese pies) taste authentic and very delicious, plus their dough is light and doesn't dry up like that of other bakeries.  The cheese and zaatar pies are exquisite, but I noticed that their meat pies and very popular.

The great thing about those pies is that they taste fresh even after you freeze them, and they're handy for whenever you don't feel like cooking or ordering a heavy meal.

Aladdin is the best Lebanese pie in Ottawa.  They mastered the art of making  mana'eesh and their service is excellent ... very friendly staff and they're super fast in fulfilling orders despite long lineups.

Vegetarian options: Aside from the meat pies or those including sausages, everything else on the menu is vegetarian.

Parking: This strip mall is often busy and parking is limited, but because patient, if you wait a few minutes someone will pull out at some point.

Kid-friendliness: Kids love Lebanese pies, and there's a wise selection of bottled juices and drinks to choose from that go well with it.
Food: 5/5Â Â |Â Â Service: 5/5Â Â |Â Â Atmosphere: 5/5

Recommended dishes
Meat Pie, Sausage & Cheese, Cheese Pie, Veggie Zaatar, And Olives, And Veg, Potato & Meat Pie, Bottled Water, Cream Cheese & Olives Lebneh, Cheese & Olives, Zaatar w Lebneh

Parking space
Somewhat difficult to find parking

Parking options
Free parking lot",5,5,5,3
David Pham,"A simple yet delicious Middle Eastern meat pie that won't break the bank.

Ordered a meat pie with cheese for $4.25, cash only. They make it fresh on the spot, so it's super hot and delicious when you receive it. Meat is wonderfully seasoned, it's oily, and it's awesome.

Simply put, it's a great local business in the area and I'd highly recommend coming here.
Food: 5/5Â Â |Â Â Service: 5/5Â Â |Â Â Atmosphere: 4/5

Recommended dishes
Meat Pie",5,5,5,5
Dusty Davis,"The food was good and very reasonably priced. It's located in a shopping center and the inside is small which doesn't allow for many tables for sitting. I tried the Zaatar and Veg which was full of flavor.
Food: 5/5Â Â |Â Â Service: 5/5Â Â |Â Â Atmosphere: 5/5",4,4,4,4
Aj,"Ordered a cheese pie but was disappointed the crust was fine, but there was barely any cheese on it not worth it if youâ€™re looking for a cheesy experience
Food: 1/5Â Â |Â Â Service: 4/5Â Â |Â Â Atmosphere: 4/5

Recommended dishes
Cheese Pie",2,2,2,3
Riam S.,"I had fresh out of the oven Manaqeesh (thyme) with Cheese and vegetables (tomatoes, green olives. It tastes very good. I found it to be at a reasonable price.
I wish if it was thin crusts
Food: 5/5Â Â |Â Â Service: 5/5Â Â |Â Â Atmosphere: 3/5

Recommended dishes
Za'Atar

Parking space
Plenty of parking",4,4,4,4
Robert Zheng,"Would Return.

CASH ONLY. kinda sick of cash only in 2024, at least take debit..

Two habibis taking orders in between conversations. In the kind of neighborhood where you double press your car keys, twice... Twice. Authentic bread and small focused menu.

Zaartar - smaller side, average topping but they're fired up fresh. $3
Meat - typical, fresh. $3.75

Some parking.
Cash Only.",1,3,3,1
Mory Hakimi,"Aladdin Bakery, located at 1020 St. Laurent Blvd, Ottawa, ON K1K 4S2, is a hidden gem for lovers of authentic Lebanese and Arabic cuisine. This charming establishment offers both a restaurant and bakery experience, where you can indulge in a variety of freshly made Middle Eastern specialties.

One of the bakery's standout offerings is its traditional manakish, also known as manaeesh. These flavorful flatbreads come in a variety of toppings, including za'atar (a fragrant mix of thyme, sesame seeds, and sumac), spiced meats, and more. Whether you're craving something savory or simple, the manakish options are sure to delight your palate.

In addition to manakish, Aladdin Bakery produces a wide range of fresh bread and other baked goods daily. The quality and freshness of their products are evident with every bite, and the aroma of freshly baked bread fills the air, creating a warm and inviting atmosphere.

What makes Aladdin Bakery even more appealing is its affordability. Despite the high quality of the food, the prices remain reasonable, making it a great option for anyone looking to enjoy traditional Lebanese flavors without breaking the bank.

Whether you're stopping in for a quick bite, picking up some freshly baked bread, or enjoying a full meal, Aladdin Bakery offers an authentic, satisfying, and budget-friendly taste of Lebanon in the heart of Ottawa.
Service: 5/5Â Â |Â Â Atmosphere: 5/5",5,5,5,5
Taleen D,"We were craving menekeesh and found this place through reviews. It is a small space with not much seating, but extremely busy with most people taking it to go. Service is fast and efficient, and as others have said, cash only. We sat down to enjoy the food fresh. The dough is fluffy and delicious, but also very filling so pace yourself! We tried the zaatar, cheese & meat, and feta & green olive. All were really delicious! We took more to go afterwards and enjoyed them the next day. Will definitely be back.
Food: 5/5Â Â |Â Â Service: 5/5Â Â |Â Â Atmosphere: 4/5",5,5,5,5
Nitika Srivastava,"Have come here a few times now for the meat pies and cheese pies and theyâ€™re really tasty and fresh! Very affordable and well priced and very quick service! Definitely recommend coming here
Food: 5/5Â Â |Â Â Service: 5/5Â Â |Â Â Atmosphere: 4/5

Recommended dishes
Meat Pie, Cheese Pie, Za'Atar",5,5,5,5
Shawn Janisse,"Pricey for what you get. I do enjoy going here but prices have inflated 4x for simple meat and cheese sandwiches. Maybe if they gave you more meat it would offset the higher price. Still very yummy all the same. Cash only !
Food: 5/5Â Â |Â Â Service: 5/5Â Â |Â Â Atmosphere: 3/5",3,3,3,3
Suguru Kanbayashi,"Stood at Mr Pizza for 10 minutes while getting ignored by their staff while they conversed amongst themselves.  So I left, and next door, noticed a large line-up so I thought I would give it a try.  Wow. Great price, just baked, steaming meat pies were AMAZING.  Tried the half-meat, half cheese was great.  Zaatar with veg was equally tasty.  Must go back to try them all!!  Thank you Mr Pizza for ignoring me.
Food: 5/5Â Â |Â Â Service: 5/5Â Â |Â Â Atmosphere: 5/5

Recommended dishes
Meat Pie, Zaatar and Veg",5,5,5,5
Sarah,"Picked up a ton of manaeesh for a Lebanese breakfast we hosted for my family â¤ï¸ hubby said it was Lebanese approved and prices were reasonable.
Food: 5/5Â Â |Â Â Service: 5/5Â Â |Â Â Atmosphere: 5/5

Recommended dishes
Meat Pie, Cheese Pie, Veggie Zaatar",5,5,5,5
saba parchami,"I recently ordered and had an extremely disappointing experience. First, part of my order was missing, which is frustrating when youâ€™re expecting a complete meal.

On top of that, the food that did arrive was well below standard. leaking â€œIt was cold, tasted stale, and lacked any real flavour.â€ For the price, I expected far better quality.

Iâ€™m really disappointed with my experience.
Food: 1/5Â Â |Â Â Service: 1/5Â Â |Â Â Atmosphere: 1/5",2,2,2,2
M Clark,"The meat pies are fantastic and have a very unique taste. They are a cash only business, and they run it extremely efficiently. The line ups move very fast. Love how they have glass bottled pop. My favorite go to place for an inexpensive snack. A meat pie is only $3.25 with tax included! They also have a cheese pie option for vegetarians!
Food: 5/5Â Â |Â Â Service: 5/5Â Â |Â Â Atmosphere: 4/5

Recommended dishes
Meat Pie, Cheese Pie, Meat & Cheese",5,5,5,5
ian ngan,"Parking is quite difficult to maneuver, but once you get a spot but its well worth it because these are Best meat pies in the city. friendly staff and quick service. HIGHLY RECOMMEND!
Food: 5/5Â Â |Â Â Service: 5/5Â Â |Â Â Atmosphere: 4/5

Recommended dishes
Meat Pie, Cheese Pie",4,4,4,3
Karpakamurthy Muthukumar,"Fresh made Labanese pie around 5 ish dollar. Very cheap and Fresh. One of the best pie ğŸ¥§ shop in Ottawa. They have veg options. Good selection of drinks and middle Eastern dessert.

Vegetarian options: Cheese, zaatar, veg pizza, spinach

Kid-friendliness: Yes
Food: 5/5Â Â |Â Â Service: 5/5Â Â |Â Â Atmosphere: 5/5

Recommended dishes


Parking space
Plenty of parking

Parking options
Free parking lot",5,5,5,3
B M,"Hidden gemâ€¦ fresh, wholesome, healthy, rich , aromatic n real soul soothing food. This cozy bakery has left the best impressions! Hospitable hosts, delicious dishes, beautiful presentation. I recommend to everyone! I would like to come back here again and again. Do yourself a favor and visit this lovely bakery in Ottawa . The service is unmatched.   Best baked pie",5,5,3,3
Mazloom Chetinkaya,"Got food poisoning for the 3rd time because of the meat pie. Uncooked and soft ""tartar"" like. The reason why I say 3rd time is because I kept giving them the benefit of the doubt, oh it's the tomatoes oh it's something else oh it's just me. But nope, it is the meat pie. I can eat anywhere, anything including their own potatoe pie, spinach pies, spinach and cheese, cheese pies everything else is ok. But the meat pie needs to be reviewed.

They put the oven at a high temperature so the crust cooks quickly without giving time for the meat to cook. It makes sense because the meat is nicely mixed with tomatoes and onions so is just more liquid so needs a bit more time than the crust to actually cook. Perhaps I'm wrong and it's well cooked but just bad quality of meat?

Regardless, will not go again because honestly being folded in 2 for 5 hours for the 3rd time doesn't feel good at all.
Service: 5/5Â Â |Â Â Atmosphere: 3/5

Recommended dishes
Cheese Pie",2,2,2,3
Saleem Akhtar,"Hidden gem in Ottawa. Simple nan-pizzas, meat and vegetarian pies. Very fast service, ultra economical. Baked in front of your eyes. Cash only and ATM machine is on site. Largely take away so very little space for dine in.
Food: 5/5Â Â |Â Â Service: 5/5Â Â |Â Â Atmosphere: 4/5

Recommended dishes
Meat Pie",4,4,4,4
Hani C.,"I did not eat in Ottawa except at this wonderful bakery.
Mashallah, people coming in and out. The bakers are very busy making these delicious pastries and MANAK'EESH. Meat mankoush or Zaatar mix with cheese even the Kishik Mankoush, the combinations are wonderful.
I would recommend this place if ever ur driving through Ottawa.
Great value and delicious bite.
Food: 5/5Â Â |Â Â Service: 5/5Â Â |Â Â Atmosphere: 5/5

Recommended dishes
Meat Pie, Sausage & Cheese, Cheese Pie, Veggie Zaatar, And Olives, Potato & Meat Pie, Cream Cheese & Olives Lebneh, Cheese & Olives, Spinach & Cheese, Zaatar w Lebneh",5,5,5,3
Wallace W,"Hands down the best meat & cheese in the city! Family run business providing great Lebanese pies; fresh and made to order.

Vegetarian options: Vegetarian pies available.

Dietary restrictions: Everything is halal.
Food: 5/5Â Â |Â Â Service: 5/5Â Â |Â Â Atmosphere: 5/5

Recommended dishes
Meat Pie, Veggie Zaatar",5,5,5,3
Swathi Mudili,"I had the spinach pie, it is so cheap, fresh and tasty. There are not really tables to sit and eat at the bakery, so take out is what most people do.
Food: 5/5Â Â |Â Â Service: 5/5Â Â |Â Â Atmosphere: 2/5

Recommended dishes
",5,5,5,3
W F,"Went to this place and there was a line of people before me. Cashier took cash from all of them.  I ordered a meat with cheese pie, he then stuck his hand into the cheese bucket and sprinkled cheese onto the pie. No washing hands and no gloves after just accepting/returning cash to several people in line before me. We threw the pies away we havenâ€™t been back since.
Food: 1/5",1,3,3,1
daniel rogz,"Legit one of the best meat pie I ate in my whole life. So cheap and delicious. I highly recommend the meat pie + Chesse + spicy. Delicious 10/10
Food: 5/5Â Â |Â Â Service: 5/5Â Â |Â Â Atmosphere: 4/5

Recommended dishes
Meat Pie, Meat & Cheese

Parking space
Plenty of parking

Parking options
Free parking lot, Free street parking",5,5,5,3
Eric Bedard,"Awesome place, friendly staff, prices are reasonable and the food quality is high.  This is my special cheese pie with tomatoes. Recommend 5*
Recommended dishes
Cheese Pie",5,5,3,5
kevin grocholski,"Friendly Staff, delicious meat pies..make sure you order them spicy (is HoT, is flavourful). Make sure you bring Cash",4,4,3,4
Alexei Gherman,"Great place to grab a quick bite if youâ€™re in a rush or donâ€™t know what to eat. They have a selection of pies ranging from meat, veggie and cheese. The prices have slowly increased over the years. You used to be able to get a meat pie for $1.25 itâ€™s too bad they raised there prices but I understand inflation. It is still cheaper then McDonalds and probably healthier. The staff is always pleasant. During peek hours the place can get very busy but they serve quickly. They have middle eastern style drinks and they sell pita.",4,4,3,4
Shane Arruda,"iâ€™ve been going here since i was a little kid, itâ€™s always been amazing theyâ€™re fantastic i love them
Food: 5/5Â Â |Â Â Service: 5/5Â Â |Â Â Atmosphere: 5/5

Recommended dishes
Meat Pie, Cheese Pie",5,5,5,3
Justin Trudeau,"I will say Iâ€™ve had many bad experiences at this place and i definitely do not recommend going. To start id like to point out that i have been going to this spot for about 10 years but recently I've been getting so disappointed that I dont think Iâ€™ll ever go back. It all started back when i walked in during Christmas time and the gentleman behind the counter decided it was appropriate to cuss out the sacred holiday. I understand if you dont celebrate Christmas because you practice islam but you should have more respect to other peopleâ€™s beliefs.   Just like you expect the respect back. Also, the quality of the pies have declined drastically and it seems they have started cheaping out because the prices have gone up but the amount of meat or cheese you get on the pies have decreased. So it makes no sense why it would even be more expensive if youâ€™re putting less meat/cheese.
Food: 1/5Â Â |Â Â Service: 1/5Â Â |Â Â Atmosphere: 1/5",2,2,2,2
Kian Keramat,"Whenever I pass there nearby, I make sure to grab a Zataar & Veggie with Labneh from them. It tastes sooo grear! Iâ€™ve been to other similar bakeries but none of them serve Zataar & Veggie with Labneh. Which is a disappointment. Their other stuff is good too.
The only problem I had is they only accept cash.
Food: 4/5Â Â |Â Â Service: 3/5Â Â |Â Â Atmosphere: 2/5

Recommended dishes
Veggie Zaatar",3,3,3,3
Sayed â€œAliâ€ Parweezi,"Food is ok, but the owner at the cash is always pissed off. You never get a warm welcome from him. It is almost as if he is doing you a favor to serve you.
He is lucky the Schools nearby don't have another meat pie place near them. Otherwise, with service like that, no one would enter the place. He could be a nice guy, but he is not made to be at the front cash dealing with customers.
Food: 4/5Â Â |Â Â Service: 1/5Â Â |Â Â Atmosphere: 3/5",3,3,3,3
Angela Starchuk,"Hot, fresh and so so good. This was my first time in this establishment and I would absolutely recommend it to anyone in the area. I had a meat pie and cheese/zataar. The staff was  friendly and so generous - offering them on the house. Thank you! <3",5,5,3,3
Jim Purchase,"The best meat and cheese pies, make your heart sing.
I like it spicy with some lemon juice.
Food: 5/5Â Â |Â Â Service: 5/5Â Â |Â Â Atmosphere: 5/5

Recommended dishes
Meat Pie, Cheese Pie",5,5,5,3
Diar,"if I can put more than 5 stars ğŸŒŸ I would do it because the test is amazing since long time we didn't get the original Arabic lahmajon
Food: 5/5Â Â |Â Â Service: 5/5Â Â |Â Â Atmosphere: 5/5",4,4,4,3
Rhonda L,"Always lined up out for door, but for GOOD reason! Canâ€™t beat their amazing pies. Our little ones even love them!
And theyâ€™re also super friendly as well.",5,5,3,3
Rami Ghamian,"It sounds like the bakery needs to improve the balance of ingredients in their zaatar and cheese pastry,
Too much dough and tiny bit of toppings
ensure proper cooking time for their meat pies,
I hope this feedback help make necessary adjustments for a better customer experience.
Food: 2/5Â Â |Â Â Service: 3/5Â Â |Â Â Atmosphere: 3/5",3,3,3,3
Guy Roussel,"First time there, and very good food I wish I knew this place before.  Will definitly go again and be there early next time.  Thanks to my daughter to drive me therr.
Food: 5/5Â Â |Â Â Service: 5/5Â Â |Â Â Atmosphere: 5/5

Recommended dishes
Cheese Pie",5,5,5,3
Gilles L,"The best bakery in town for simple meat and cheese pies.

Prices have gone up but still affordable.

Always recommend going as early as possible to get the pies fresh.

Service has always been very respectful and patient with myself and everyone around whether it be the younger staff or older.

Anytime Iâ€™m in the St. Laurent area I always make sure to stop by and grab some for friends and family.

Vegetarian options: They have veggie Zatar.

Parking: The spots are tight and people donâ€™t park in between the lines sometimes.
Food: 4/5Â Â |Â Â Service: 5/5Â Â |Â Â Atmosphere: 5/5

Recommended dishes
Meat Pie, Meat & Cheese, Veggie Zaatar

Parking space
Somewhat difficult to find parking

Parking options
Free parking lot",4,4,4,4
Jason M,Great Lebanese Pies. The best pies in Ottawa. They even made me  very healthy option in which I enjoyed immensely. This is definitely a place that you really need to visit if you want something very tasty and quick. I love this amazing place.,5,3,3,3
Angela A,"I cannot say much about this place because Iâ€™ve only tried the meat pies and cheese pies . I love them tho , so good . For either a quick snack , light lunch etc . The place smells amazing , fresh bread . Hopefully Iâ€™ll get the chance to try something else , but I really love their pies.",5,3,3,3
Frank Nadanyi,"Iâ€™ve been eating here for 25 years.
I currently live In Vancouver, and Aladdinâ€™s is a guaranteed stop when I travel west.

My orders for the last 25years have beenâ€¦
Meat and cheese with lemon and spice.
Or cheese with veg, extra olives.

I would define their pies as a cross between a quesadilla and a taco birrili, kissed with the flavours and love of the Middle East.
Food: 5/5Â Â |Â Â Service: 5/5Â Â |Â Â Atmosphere: 5/5",5,5,5,3
Sonya Sweeney,"This is the best place for meat pies in the city, super fast service, and so delicious!
Food: 5/5Â Â |Â Â Service: 5/5Â Â |Â Â Atmosphere: 4/5

Recommended dishes
Meat Pie, Cheese Pie",5,5,5,3
Liny Visa,"My healthy option if I don't have time to cook.Spinach and Spinach and Ayran â¤ï¸Thank you for serving delicious food.
Food: 5/5Â Â |Â Â Service: 5/5Â Â |Â Â Atmosphere: 5/5",5,5,5,3
Kevin Feely,"Been eating here for years, didnâ€™t beleive it when my wife thought she got food poisoning last year from her meat pie. I orderd multiple pies Thursday morning and everyone who ate some got food poisoning. I donâ€™t like to give bad reviews but Iâ€™ve seen a  couple other reviews of people who experienced the same thing. I hope the management sees this and fixes the hygiene standards to avoid getting more people sick.",5,3,3,3
Alex Lim-Sersan,"Great food, great prices, great service. A delight to the senses.
Food: 5/5Â Â |Â Â Service: 5/5Â Â |Â Â Atmosphere: 5/5",5,5,5,5
Claire,"PLEASE CHECK YOUR CHEESE PIES... I HAVE BOUGHT 3 ORDERS SO FAR AND EACH ONE HAD BARELY ANY CHEESE IN THE IT SHOULD BE LOADED LIKE IT USE TO BE!!! FIX IT
Food: 1/5Â Â |Â Â Service: 5/5Â Â |Â Â Atmosphere: 5/5",1,1,1,3
Nabila Hamdi,"Amazing food
Very clean
The only concern that you need to pay cash, but still it is perfect
Food: 5/5Â Â |Â Â Service: 5/5Â Â |Â Â Atmosphere: 5/5",5,5,5,5
Kathleen Lawday,"I dare say the pies at this location are better than the one on Carling!  And that's saying something because the pies on Carling are delicious!
Food: 5/5Â Â |Â Â Service: 5/5Â Â |Â Â Atmosphere: 5/5",5,5,5,3
Maranda Patterson,"This place has great meat & cheese pies which is what I go there for.  It can get pretty busy here but the service is fairly quick  and worth the wait.  The only downside of this place is they only deal with cash.  They do have an ATM in side for a fee of $2.50.  The only reason I didn't give 5 stars is because you can't pay with debit.
I recommend their meat pies ğŸ˜
Food: 5/5Â Â |Â Â Service: 5/5Â Â |Â Â Atmosphere: 5/5

Recommended dishes
Cheese Pie, Meat & Cheese

Parking space
Plenty of parking

Parking options
Free parking lot",4,4,4,4
Rose H,"I enjoy getting the pizza made with feta cheese, by far the best Lebanese pies you can get",5,3,3,3
Mahmoud Berkoti,"When it comes to meat pies in the North America, Aladdin is at the tip of the ice berg. Nothing comes close to the food in regards of authenticity and quality. Asides from food quality and cleanliness, the staff is nothing far from perfect. Khalid helped me with the order and with his charismatic personality and kindness I left Aladdin with the highest rate of satisfaction I have felt in years. All in all, an amazing business owned by an amazing family. Would recommend this place more than any other place in Ottawa.
Food: 5/5Â Â |Â Â Service: 5/5Â Â |Â Â Atmosphere: 5/5",5,5,5,3
Majd Saaloukeh,"Great service, always fresh food.
Food: 4/5Â Â |Â Â Service: 5/5Â Â |Â Â Atmosphere: 5/5",5,5,5,3
Sammy Ary,"An absolute gem of a meat pie shop! Grew up getting lunch here and still swing by on every chance I get. The moment you step inside, you're enveloped in the mouthwatering aroma of freshly baked pies.  The range of fillings is impressive, offering something for everyone. The friendly staff adds a personal touch, making you feel like a valued customer. Whether you're a local or a visitor, this authentic meat pie shop is a must-visit destination.
Few things to remember, Cash only - ATM inside may not always be working - Parking is not ideal
Food: 5/5Â Â |Â Â Service: 5/5Â Â |Â Â Atmosphere: 5/5

Recommended dishes
Meat Pie, Cheese Pie, Meat & Cheese, Veggie Zaatar, Mirinda, And Veg",5,5,5,5
Natasha A,"Didn't like it the first time, but this time around, I died! It was delicious. I definitely suggest the meat and cheese if you're not into meaty taste!
Food: 5/5Â Â |Â Â Service: 5/5Â Â |Â Â Atmosphere: 5/5

Recommended dishes
Meat & Cheese",5,5,5,3
Ahmad A,"Best pies in Ottawa!! been eating here for 20+ years, consistently fresh.
Food: 5/5Â Â |Â Â Service: 5/5Â Â |Â Â Atmosphere: 5/5

Recommended dishes
Veggie Zaatar, And Veg

Parking space
Plenty of parking

Parking options
Free parking lot",5,5,5,3
Essen Gourmet Meals,"As always, sooooo good. All the pitas are excellent as well as the spinach pie. They don't have a POS terminal so cash is recommended. There's an ATM inside the bakery and some QR code thing you can scan to pay online. No bathrooms!
Food: 5/5Â Â |Â Â Service: 5/5Â Â |Â Â Atmosphere: 4/5

Recommended dishes
Cheese Pie, Meat & Cheese, Veggie Zaatar

Parking space
Plenty of parking

Parking options
Free parking lot",4,4,4,4
Megi,"I took pizza and cheese. Pizza was ok I had better pizza. But cheese was very good. I liked it very much.
Food: 4/5Â Â |Â Â Service: 5/5Â Â |Â Â Atmosphere: 5/5",4,4,4,3
Lil Sprout,"Honestly the pies are great but retty disappointed last time I got cheese pie I basically paid 5$ for a baked pita with no cheese in it...
Food: 3/5Â Â |Â Â Service: 5/5Â Â |Â Â Atmosphere: 4/5

Recommended dishes
Meat & Cheese",3,3,3,3
Mohamad,"Amazing food and amazing people. Waleed was very helpful and respectful. Would recommend this place!
Food: 5/5Â Â |Â Â Service: 5/5Â Â |Â Â Atmosphere: 5/5",5,5,5,3
Danaus Plexippus Nymphalidae (Royal Butterfly),"Wonderful place to grab a pie. They have an excellent selection of quick grab and nutritious foods for the on-the-go person.
I always stop by here when I am in the area.  It's been consistent for over twenty years, that I've been coming here. How wonderful to have a local bakery that serves with a smile and always has good food to eat. Thank you Aladdin. ğŸ’ªğŸ‘ğŸ˜Š

Vegetarian options: Very good. Lots of options.

Parking: Has in and out and parallel parking.
Food: 5/5Â Â |Â Â Service: 5/5Â Â |Â Â Atmosphere: 5/5

Recommended dishes
Meat Pie, Sausage & Cheese, Cheese Pie, Pizza Pie Made with Feta Cheese, Meat & Cheese, Veggie Zaatar, Mirinda, And Olives, And Veg

Parking space
Plenty of parking

Parking options
Free parking lot",5,5,5,3
Manal G,"Exceptional! We were in town for only two days, and came here twice and also took extra to freeze at home. Incredible manaqeesh, fair pricing, and excellent service. Wish they would open a location in Montreal!

My only critique would be to renovate with a wider and nicer seating area!",3,5,5,3
Mostafa Ghafari,"The meat pie had barely any meat and the cheese pie had barely any cheese. We spent $75
Food: 1/5",1,3,3,3
Abdullah Daher,"The best people, and most delicious mana2eesh in all of Canada
Food: 5/5Â Â |Â Â Service: 5/5Â Â |Â Â Atmosphere: 5/5",5,5,5,3
Roger Hanna,"A hidden gem not more than a 5 minute drive from me, I have to say, the food is delicious and they bake, prepare everything onsite!  Food is very fresh with just the right amount of herbs and spices.  It is also a very clean store and I was there during their lunch rush..not an easy thing to do for any restaurant during lunch rush...kudos!
Food: 5/5Â Â |Â Â Service: 5/5Â Â |Â Â Atmosphere: 5/5",5,5,5,3
klinsmen klin,"Is this  manoushi ??? Are u for real ?? Like far away from the real taste plus cash only  come on in 2024 cash only ğŸ˜‚ğŸ˜‚ğŸ˜‚ğŸ˜‚
Food: 1/5Â Â |Â Â Service: 3/5Â Â |Â Â Atmosphere: 1/5",1,1,1,1
raphael debcok,"Delicious and very cheap also pretty fast
The guys working there are so nice it's my favorite place to eat for cheap and delicious ğŸ˜‹.
Food: 5/5Â Â |Â Â Service: 5/5Â Â |Â Â Atmosphere: 5/5",5,5,5,3
Alasdair Stuart-Bell,"You don't go the decor but you can watch an amazement as very skilled folks bake and deliver dozens and dozens of delicious pies.
Food: 5/5Â Â |Â Â Service: 5/5Â Â |Â Â Atmosphere: 3/5",4,4,4,3
Lyla B,"The pies are delicious. I'm giving 4 stars because after I left the store I realized the guy broke my spinach pie and there was oil everywhere.
Food: 5/5Â Â |Â Â Service: 4/5Â Â |Â Â Atmosphere: 5/5",4,4,4,3
Mike,"Tuesday January 10th, approx. 5:40pmâ€¦This place has REALLY gone downhill in the past couple of years! No greeting when you walk in, they just stare at you until you say something to them ğŸ˜‚ â€¦ the food doesnâ€™t taste the same anymore, using  cheap ingredients!

Very Poor packaging, there was grease all over my paper bag so I asked the guy for a plastic one, and he made a big deal about it!

I told him never mind you can keep your two cent plastic bag, I was a very loyal customer, but I will never be coming back!

I DO NOT recommend this place, plenty of other options and friendlier people in the area who offer the same products!

Just letting you know, you guys have lost a long time, loyal customer, get your stuff together guys!

Mike",1,3,3,3
Samuel Katchikian,"This is the place to eat in Ottawa if you enjoy manakish/Lebanese pizza! One of the better Lebanese bakeries I've been. Hats off, guys, for quality food and service!
Food: 5/5Â Â |Â Â Service: 5/5Â Â |Â Â Atmosphere: 5/5",5,5,5,3
Asim Jerbi,"Probably the best pie place in town. Because I go there a lot, the staff will already know what I'm gonna order and it's always a pleasant experience! You should try their sausage and cheese pie.

Make sure you bring cash as that's what they only accept.

Vegetarian options: They offer veggies' pies as well.
Food: 5/5Â Â |Â Â Service: 5/5Â Â |Â Â Atmosphere: 4/5

Recommended dishes
Sausage & Cheese",5,5,5,5
Vince Bist,"Great meat pies and kind people behind the counter serving you.
Food: 5/5Â Â |Â Â Service: 5/5Â Â |Â Â Atmosphere: 5/5",5,5,5,3
lochardo locho,"Very busy location... people order. Wait for it and leave. 2 can eat for $10. Only caveat only form of payment is cash.. smart ğŸ¤“
Food: 4/5Â Â |Â Â Service: 4/5Â Â |Â Â Atmosphere: 3/5

Recommended dishes
Meat & Cheese",4,4,4,4
Vishtasp Palkhiwalla,"Reached 20 minutes before closing time. Fast and friendly service. They had only three varieties left - that would mean everything is made fresh daily. Tried the meat & potato and spinach pies. They were delicious - the bread very soft and fresh.

Will definitely return to try the other varieties.",2,2,3,3
Ibrahim Khan,"Good selection of traditional middle eastern meat, cheese and veggie pies baked fresh in clay oven.

I had the chance to try out their meat and cheese pie and thoroughly enjoyed the taste, and texture. Bread was soft, and meat-cheese consistency was just right.
Food: 4/5Â Â |Â Â Service: 4/5Â Â |Â Â Atmosphere: 4/5

Parking space
Plenty of parking

Parking options
Free parking lot",4,4,4,3
Michael Butler,"Best Lebanese bakery in Ottawa, if not Canada. The Zatar is hot out of the oven. The dough is soft like a pillow. Excellent.  The spinach fatayer is excellent, too. I eat at Aladdin every day while in Ottawa. You won't find a better bakery anywhere.
Food: 5/5Â Â |Â Â Service: 5/5Â Â |Â Â Atmosphere: 5/5",5,5,5,3
Sameer Ahmed,"Very tasty meat and cheese pie, but the problem is you need to carry cash, they don't accept card payments...make sure to carry atleast $20 dollars for 4 pies and more for a bigger order.

Vegetarian options: There are vegetarian pies.

Dietary restrictions: They ask you for your preferences before preparing your order.

Parking: At times of lunch it can become a problem for parking.
Food: 4/5Â Â |Â Â Service: 4/5Â Â |Â Â Atmosphere: 3/5

Recommended dishes
Meat Pie, Cheese Pie

Parking space
Somewhat difficult to find parking

Parking options
Free parking lot",3,3,3,3
Matthew Sullivan,"Wonderful atmosphere, amazing food and super friendly staff. Sometimes a line but always moves fast. Definitely a must go!
Food: 5/5Â Â |Â Â Service: 5/5Â Â |Â Â Atmosphere: 5/5

Recommended dishes
Meat Pie, Cheese Pie, Meat & Cheese, Veggie Zaatar

Parking space
Plenty of parking

Parking options
Free parking lot",5,5,5,3
Andre Francis,Love the place. Guys in front are awesome. The patties are great and they make the cheese ones the right way. They don't cheap out on the cheese which pisses me off about other places. The spinach ones are well sized too and packed. You definitely get what you paid for here. Respect,5,3,3,3
CÃ©line Girard,"I have been coming here for over 15 years and am never disappointed. Service is quick and the pies are always baked perfectly.
Food: 5/5Â Â |Â Â Service: 5/5Â Â |Â Â Atmosphere: 5/5",5,5,5,3
Zee Man,"I went today, to be honest one of the nicest people you will ever meet. I went today I didnâ€™t know it was cash only and I didnâ€™t have cash. They told me to take the food and pay later. There was an atm inside I got cash and pairs them. The food was good I took meat pie , cheese pie and zaatar pie. I think the best customer service I had in a Lebanese bakery in Ottawa. You should try this place.",5,5,3,5
Katia Tonkykh,"I was running errands in the area when a delectable smell hit me and I had to find the source - this bakery!!! I stopped by and got a wee meat and cheese pie and darn me if it wasnâ€™t the best Lebanese pie I have ever had. I can literally still recall the flavor, amazing. Definitely will be back time and again, itâ€™s hauntingly delicious, canâ€™t believe I didnâ€™t know of this place. If I could give 10 stars I would",4,3,3,3
dragosanie,"You want to support a small business? This one's the perfect place. Quick service, nice staff, they memorise all the orders perfectly and their cheese/meat pies are to die for.

I stop by here once a week sometimes even more. I absolutely love this place.",5,5,3,3
Abiddy Gang,"Excellent meat pies, the best in Ottawa. Iâ€™ve tried many other places but none can compare to Aladdinâ€™s. One of a kind place and great customer service. They only take cash.
Recommended dishes
Meat Pie, Cheese Pie, Meat & Cheese",5,5,3,5
Cooper Watt,"First time visit today....and they did not disappoint. Tasty doesn't begin to describe the quality and freshness. Super friendly guys behind the counter who were cool when I said it was my first visit and I'd take whatever they recommended.... So good, I will be back every week!
They also have an on-site Lebanon fund going, for those wanting to help but not sure where or how to do so.",3,4,3,3
Ignacio Tirado GarcÃ­a,"They deserve a 5 stars review. They offer a several different pies for a really good price. They also have a lot of yummy typical libanese food. They sell the BEST MEAT AND CHEESE PIE in town. You can eat in their dining room or take away. Be careful because they only accept cash!!!
Maybe you have to wait a few minutes because there is always a long queue of customers. Good and friendly service.",5,5,3,5
Mizz N,I ordered a zaatar and cheese pie today. It was completely burnt. I didnâ€™t know until I was home and opened it. The person who made it knew it was burnt and still served it to a customer. I tried to eat around the burnt areas. Horrible.,1,3,3,3
H & G,"You can eat the freshly baked pies as a snack, breakfast or lunch. The pies suit different tastes from vegetarian to meat lovers.
Friendly staff, fresh and delicious pies, clean, and reasonably priced
I would add the fifth star if the shop is giving a touch of upgrade and accept another way of payment e.g. debt card.
Also, adding chicken pies to the menu would be great",4,4,3,4
Nancy J,"Really good! If youâ€™re not a fan of the thicker manakish, you can request thin zaatar, cheese, etc.
Food: 5/5Â Â |Â Â Service: 5/5Â Â |Â Â Atmosphere: 5/5",5,5,5,3
David Pickett,"I don't live nearby, but have been coming here off and on for several years now. For me, it i's one of those places that you stop in if you happen to be driving by.  I really like the meat and cheese pies and have tried some of the other items, which were all good.

There's usually people around either waiting to put in an order or for their food, and you can eat in or take away.  My kids and I would definitely recommend the meat and cheese pies.",4,3,3,3
Abdul Wasey Faruqi,"A few local friends suggested this place. Incredible manakeesh. I was taking a video of the oven and the guys behind the counter told me to come stand with them so I can get a better angle. I said it was my first time here and a customer in the store was shocked and goes ""your first time here?! Enjoy man. Enjoy!"" Good vibes. Great food. Very friendly folks. Got a cheese & zatar manakeesh and also their beef. There's a counter with a few bar stools along the window where you can sit down and eat. Definitely coming here again.",5,5,3,3
Bourassa Banane,"I bought 12 meat pie I don't know what kind of meat they put in it extra salty and 6 zaatar on a thick dough I did not ask to be crunchy the 6 of them were crunchy
I will stick with Aladin bakery on St Laurent always good fresh and tasty",4,3,3,3
Steve Rogers,"Good spot, great value. I like their meat pies and spinach pastries and will buy a dozen at a time to freeze and reheat.

Only trouble is that they can be a bit inconsistent about cooking. I've had meat pies come back undercooked (still dough-ey) and overcooked (edges are charcoal). But at those prices, it's hard to complain.",4,3,3,4
Varun khetarpal,"Awesome food, cant ask for anything more. Reminded of my time in the middle east. The servers were super friendly and nice.
Food: 5/5Â Â |Â Â Service: 5/5Â Â |Â Â Atmosphere: 5/5",5,5,5,3
Karine Lalonde,"Best meat pies I've had!  I have only tried one other and they were good too but these are myself favorite.  Practically everyone I work with loves Aladdin's meat pies: cooked fresh, in front of your eyes.  The guys are friendly and fast as always, you can count on getting good service here!",5,5,3,3
A Zi,Top notch. Meat and cheese pie is divine and the lines are well worth it. We will continue to visit this bakery. The parking lot is a little crammed during peak hours. Remember credit cards are not accepted.,4,3,3,3
Patrick Leveille,"The best!  Bring cash.
Food: 5/5Â Â |Â Â Service: 5/5Â Â |Â Â Atmosphere: 5/5

Recommended dishes
Meat Pie, Cheese Pie, Zaatar and Veg",5,5,5,5
Sarah B,"The staff are the best part of this cafe because they are so helpful. The chai latte was our favourite drink here.

The coconut chocolate bar was sweeter than we personally would have liked, but we should have anticipated that from the sugar ratio in the nutrition facts. They have lots of interesting custom chocolates here.",3,4,3,3
Sarah Moukahal,Best meat pies in Ottawa. Definitely get them with spice and lemon. Get the drinkable yogurt as well! Delicious. Everyone that works here is very friendly and kind. The bakery is really clean. Great Lebanese meat and cheese and spinach pies. Great prices as well.,5,5,3,5
Parteek Arora,"The cheese bread is amazing. Good place for a quick snack and have a nice variety. Only takes cash, which is not a problem but sometimes you donâ€™t have cash so u canâ€™t go there. They have an ATM inside but it charges you amount equal to another cheese bread!! :)

I like the Zatar with cheese and make it spicy!!",5,3,3,5
Wof,Good meat pies but the store has serious issues with hygiene procedures. They use same hands when handling dirty money and food. I also saw a chef wipe his apron and then touch the food. They need to wear gloves. The food is good but itâ€™s very dirty. Also they tent to burn the edges of the pies so itâ€™s always black on the sides.,3,3,3,3
Nelly Kay,"This place is a legend for a reason. They are fast and the food is da bomb. I love the meat and cheese pie the best, cheese pie second, and meat pie third. Make sure to get lemon and spice! Cash only but who cares lol. Best pies!",5,5,3,5
Lloyd Belanger,"This place is amazing! The food,the workers, everything about Aladdin's always makes me happy it's my favorite place to stop by when I don't feel like cooking
Food: 5/5Â Â |Â Â Service: 5/5Â Â |Â Â Atmosphere: 5/5

Recommended dishes
Meat Pie, Cheese Pie, Meat & Cheese, Veggie Zaatar",5,5,5,3
Andre Allain,This spot gives extraordinary service and yummy pies. The meals served rapidly and the rates were reasonable. Highly recommended. Definitely a lifetime customer! Great meat pie options.,5,5,3,3
Alan Scott,"Definitely deserving of a five star rating. For a first time, it was filling but not too heavy. Only accepts cash, but business like no tomorrow. More than just pies, items such as spinach pockets also available. Specializing in their pies, it will keep you coming back for more. One of the best parts other than the food is the price, as low as two dollars it gives best bang for your buck. Ordered the meat and cheese pie myself, but other options such as meat, spinach, cheese, cheese and veg.. something for everyone.",5,3,3,5
Mar B,"If you are familiar with baked goods of the Middle East and the nearby regions, then youâ€™ll love this place. Freshly baked lahmajouns aka meat pies (thankfully not over-spiced with all spice like in other places), zaatar breads and much more - very delicious and very reasonably priced. Itâ€™s very hard to find such fresh breads and pies in Ottawa, so 100% recommended. The only downside is that they take cash only and it can get quite busy.",4,3,3,4
George Matta,"Reasonable place for cheese breads or meat pies, zaatar, etc... the meat is tasty, but a little too greasy.  Okay for the most part, but prices have increased way too much.",3,3,3,3
Tony Morgan,"I would upload photos of my food but I eat the sausage and cheese way too fast.

Friendly service. Delicious food. Cash only but they have an ATM. Big drink selection.",4,4,3,4
M Kay,"First time in Alladin bakery and YOU have to go! Itâ€™s the cutest little spot with amazing food. The veg pizza, zaatar n veg pie is to die for. IT WAS FIRE!! The service we received was so amazing and we will definitely be back again. They made us feel welcomed and gave us an amazing experience.",5,5,3,3
Ali Zalzale,"Best Pies iâ€™ve ever tried in the world by far. Saff is very kind, food is great, and is very fast paced. Iâ€™d definitely recommend this store to anyone in Ottawa.",5,5,3,3
Paak C,"Great staff!  Had a big order for a company event, and they handled it very professionally.  Thank you for making the event lunch a success!
Food: 5/5Â Â |Â Â Service: 5/5Â Â |Â Â Atmosphere: 5/5",5,5,5,3
Samina Khan,"I love this place for itâ€™s simplicity, fast service and polite staff â€¦ always. Their offerings are limited but always fresh. Why I gave 4*, I think they could keep it a bit cleaner. THEY ONLY TAKE CASH but there is an ATM on site",3,4,3,4
Kylen Cochrane,"Delectable pies. You can tell it's fresh from the first bite to the last. They clearly take pride in what they do here! If you are in the are definitely give it a go, it's delicious, filling, and affordable.",5,3,3,5
Imran Haider,Hidden gem of Ottawa! Go at a good time and youâ€™ll get the freshest meat pies. My personal go-to meat pies in the city. They only take cash (atm on site).,5,3,3,5
Ambra Hardy,"Skip glitched out and messed up my order, but I came in to pick it up and they were cracking jokes with customers and best of all my food was still warm. Best Zaatar in the whole city.

Vegetarian options: They have vegetarian options

Dietary restrictions: They have vegan options!",4,3,3,3
Robin,AMAZING!  Best meat and cheese pies I have ever had.  Could eat these until I die.  Service is wonderful too - the staff is very nice.  Just make sure to bring cash. :),5,5,3,5
Sylvano Mendoza,Aladeen best meat pies you'd get and cheap too. Everytime I go out i count how many meatpies i would've got. Beats every price beats every quick snacks. Aladeen's meat pies for life!,5,3,3,5
Papis D.,"Been going there probably for more than 10 years, food is always good. Staff extremely friendly and the atmosphere is always great. The food is always fresh and the place always pack. Goes to show how good the food is. Will continue to go there for the next 10 yrs.",5,5,5,3
Yasser Abed,Their cheese pies barely have any cheese on them. I mean C'mon $3.75 for a crust with cheese crumbs? Don't call it cheese pie if you aren't going to load it with cheese. Please don't be stingy with the cheese. I cannot taste or smell the cheese.  I will try you in few days if you added more cheese I will change my rating I don't like to give 1 stars.,1,3,3,3
C G,"Packaging is often very greasy, on a positive note the food is mostly always hot

They do not take debit nor credit and offer an incredibly overpriced atm machine in the location
Food: 2/5Â Â |Â Â Service: 1/5Â Â |Â Â Atmosphere: 1/5",2,2,2,2
Rowan Ashe,Simply The Best. High Quality Ingredients. You can taste the difference. Family operated so the quality control is exceptional. I try to eat there every day. I thought Disney's Aladdin was good. Wait until you try Aladdin Bakery.,3,3,3,3
France Lagace,This place is yummy..  the guys are always courteous and friendly... the meat and cheese pie is the best in town... the bit of  oil from the cheese makes it yummier... of course with a pinch of hot pepper and a dash of lemon.. .,5,5,3,3
Moussaab Hafiani,"I wish next time you bring a card machine the food smell so good but unfortunately i didnt had cash with me ğŸ˜€
Food: 5/5Â Â |Â Â Service: 3/5Â Â |Â Â Atmosphere: 1/5",3,3,3,3
Lucas Kelly,"Food is great, not as good as the Carling location though. 10/10 staff, super friendly.
Food: 4/5Â Â |Â Â Service: 5/5Â Â |Â Â Atmosphere: 5/5",4,4,4,3
Charbel Khouri,"This place seems to be a hit or miss. In my experience it's been a miss.
Last couple of times I've been here they have been really cheaping out on the cheese and the taste is just not the same. The cheese manoushe is turning into a pc of bread barley with cheese mostly mozzarella... that and the fact that they bake the mana2eesh ahead of time is making this place less desirable for me at least.
Message to the owners: go back to your roots and deliver authentic lebanese bakery",2,3,3,3
Jeje74,"The pies are really good.
Food: 5/5Â Â |Â Â Service: 5/5Â Â |Â Â Atmosphere: 5/5",5,5,5,3
Admir Becirbasic,"Best spot for meat pies..
Everyone should try the akawi cheese pie !
Food: 5/5Â Â |Â Â Service: 5/5Â Â |Â Â Atmosphere: 5/5

Recommended dishes
Meat & Cheese

Parking space
Plenty of parking

Parking options
Free parking lot",5,5,5,3
Ashley Barrie,"I go out of my way to eat here, the food is fresh and amazing (just the right price as well). The service is fast and friendly. Dont let long lines discourage you because you wont end up waiting long.",5,5,3,5
Aymen Bouabid,"Delicious food and great service
Food: 5/5Â Â |Â Â Service: 5/5Â Â |Â Â Atmosphere: 5/5

Recommended dishes
Meat Pie, And Olives",5,5,5,3
Amanda A,Best zaatar ever!! The bread is always so fresh. Good price ($2 including tax). Friendly staff- I see the same guy working every time (with the long lashes) and he's awesome.,5,5,3,5
Mohammad Siddiqui,"Amazing!! I don't go there for the rush hours, I know what their prices are, what they were and they will most probably increase, because hey! its inflation!! What we are discussing here is the pies he servers, Spinach, cheese, zaatar, manakeesh, the pizza. I stop by here in the morning, and my eyes are always bigger than my stomach. Fresh baked bread with toppings that are ordinary, combined in harmony they make together one of the best pies in town! The recipe is not complicated, the ingredients are not hard to find. The only thing setting them apart from all the competition in ONTARIO is their make on demand order.",5,3,3,5
Jonathan Mooney,"Aladdin came recommended to us. We have a spot close to us that serves delicious cheese pies. But a friend said the best cheese pies in the city come from Aladdin. And they have the option for thin dough! Needless to say the thin dough cheese pies are delicious and the worker at the front was very friendly. If I were in the neighbourhood I wouldn't hesitate to go back to Aladdin. As for the claim of being the best cheese pie in the city, they are definitely very tasty and even a bit different with the thin dough, but I wouldn't say they are better or worse then the scrumpdidlyumptious cheese pies that are closer to my place.",4,4,3,3
Rami Hajjar (RamZ),"Amazing, the cashier started a conversation and was super kind, ordered 4 cheese pies and 3 meat pies and it was ready within 3 minute tops. 5/5 100 %.",5,3,3,5
Alice Chiasson,"Love this place. Can be a long wait sometimes, but the food is so good, great price and they guys behind the counter are the best. I love the cheese and spinach and the cheese and veg. Wish they had a chicken option :-(",5,3,3,5
M Islam,"You will find the best meat pie in Ottawa here! Just for $2! Unbelievable deal!
Their meat pies are always fresh as they are busy with customers, pies are coming out of tandoor all the time.",5,3,3,3
Gisele PNL,"Love this place! Always made fresh in a brick oven. My favorite is Zaatar, but everything I've had there in the past year has been really tasty.  Great prices, fast service.",5,5,3,5
Buschek,"I had a meat pie from here, the pie crust was really hard and not eatable. Also I found a thin inch long hair as I was finishing up the pie. Hair nets are there for a reason, use them.",3,3,3,3
Chris Woods,"Great place!  Eat the Zatar!  Or the Half Meat Half Cheese!  You will spend the rest of you week eating there!. Been going here for 20 years! Always good!
Food: 5/5Â Â |Â Â Service: 5/5Â Â |Â Â Atmosphere: 5/5

Recommended dishes
Meat Pie, Cheese Pie, Meat & Cheese, Veggie Zaatar, And Veg

Parking space
Somewhat difficult to find parking

Parking options
Free parking lot",5,5,5,3
Georges Kanaan,"Great place for traditional Lebanese pies ( Man2oush), variety of options (Thyme, Cheese, Meat, Spinach..). You can also buy Pita bread and other sweets. Only cash, no debit or credit.",5,3,3,5
Andre Pelland,"The meat and cheese pies are so good, the best I've ever had. I absolutely love the pies here and cannot express how good they are. Thank you Aladdin Bakery.",5,3,3,3
Le-Phuong Nguyen,They have the best meat pies in town. I highly recommend ordering a meat pie with all the veggie toppings inside. Extra spice and extra lemon juice is what makes the meat pie unbeatable!,5,3,3,3
Iman El-Wajeh,"The pies are excellent me, my family and friends are never disappointed. But one think to advice that wo3th everything thats going on, mask and gloves are required especially if you handling money(cash). They dont have debit credit payments which is unfortunate. And it not the only location that dont wear masks or gloves all the bakery meaning (arabs) locations in Ottawa. Pls consider others and public health or believe it you will get a fine.",5,3,3,5
aakashba,"As a traveller from USA I was disappointed by the cash only policy as I am unable to withdraw cash from Canadian bank machines. This is 2023, you'd think the only cash businesses now are money laundering fronts",3,3,3,1
Ashley Perrier,"I love this place! The staff are extremely friendly, great prices and the cheese/meat and cheese pies are awesome. Always coming back for more.",5,5,3,5
Fouad Zebian,"Yum Yum Yum The closest I found to Lebanese pastry I used to have back in Lebanon for the most reasonable price you'd find in Ottawa! Meat, Zaatar, Cheese or whatever option! Super impressed!",5,3,3,5
Barry Publow,Discovered their baked meat and cheese 'pies'   10/10 .   Only critisism  is they claimed to only take cash which forced me to use their in-store ATM which has a $2 surcharge.  Dibt know is this was temporary  or not,3,3,3,3
Premier Limos,"These guys are simply the best bakery in Ottawa! Always the freshest ingredients, clean environment and very friendly. 5 star all around!",3,5,3,3
Mo,Meat pie was very delicious! Staff extremely friendly. Will definitely go back.,5,5,3,3
Suzanne Zeidan,"Always the best pies in town
Food: 5/5Â Â |Â Â Service: 5/5",5,5,3,3
james43867,"Incredible food, good prices, and extremely quick service. Get the meat and cheese pies extra spicy ğŸŒ¶ï¸
Recommended dishes
Meat Pie, Cheese Pie, Meat & Cheese",5,5,3,5
Brendan Murphy,"Super good pies, probably the best we have had in Ottawa. It was alternately busy and then fairly quiet while we visited over the course of 10 mins today.",5,3,3,3
Dominique Andre,"Good place. The Baba rum and their cakes are excellent. Don't have great customer service but, I just order and pick up. Quick.",3,4,3,3
Pilgrim Maslow,"Best Lebanese pie, love them for a quick lunch or snack. It's always fast, in and out. Even when busy it's not a long wait. They are very efficient ğŸ˜ƒ",5,5,3,3
BFTOBIN,Had meat pies for lunch here today. Great people working at this place  and THE BEST pies in the city.  Two pies and a drink for half the price of a hamburger and fries and it filled me up..,5,3,3,5
Tim P,"Love the food...but to order at lunch time...wayyy too much talking going on.
Sometimes can be frustrating at the times your in a  rush and  just need something quick...but then takes 15 20 min to get a cpl of pies....all in all the food makes up for wait.",3,3,3,3
Nada H,My to-go bakery for Lebanese pies. Quite a few varieties and always fresh. Good variety of drinks and some cheeses to go. Have been coming here for many years,5,3,3,3
Talaal Mirza,Meat pie flavour was a bit weaker than other Lebanese meat pie joints in the city. But you can't go wrong for the price. Also their zataar is class.,3,3,3,3
George Palio,"â€œEat for $1â€ seems cheap, but as you enter the prices say different. Whatâ€™s up with that ? Isnâ€™t that false advertisement? Portions are small I need like 10 meat pies to get full and Iâ€™m not even a fat guy",2,3,3,2
Michael Siddall,Been a customer for several years. My favourite pies in Ottawa. Meat and cheese with spice and lemon! Hard to beat the price too.,5,3,3,5
Javin Lau,"Delicious wrap/sandwich!
Food: 5/5Â Â |Â Â Service: 5/5Â Â |Â Â Atmosphere: 5/5",5,5,5,3
Brayden Konink,"Great meat pies!
Food: 5/5",5,3,3,3
Emery Harden,"AMAZING FOOD! Definitly suggest if you're looking for a filling snack.
Food: 5/5Â Â |Â Â Service: 4/5Â Â |Â Â Atmosphere: 4/5",5,5,5,3
Matin S,"The ORIGINAL & BEST cheese & meat pies in Ottawa.
Family owned & operated, Aladdin Bakery is one of the pioneer Lebanese take out spots in the nation's capital.",5,3,3,3
O ABUDAQQA,Good pastery for quick breakfast but the taste  is ok and need more impovment to reach to best. The service is quick and generally as overall deserve 3 start out of 5,3,3,3,3
Ace,"Affordable, convenient, and tasty Lebanese baked goods offered here. The owners/servers were very friendly. I definitely recommend it.",3,5,3,5
Max latham,"Excellent, really fantastic - the pies were so good we immediately bought more for later. Service was great and prices were very reasonable.",5,5,3,5
Anson Bispham,"Always welcoming, always dependable, always amazing. The owner seems to value his customers above all.",3,3,3,3
Hiba,"Great man'oushe!
Fast service.
Oh and They only take cash!
Food: 5/5Â Â |Â Â Service: 5/5Â Â |Â Â Atmosphere: 3/5",5,5,5,5
Travis Scott,This place never disappoints. I highly recommend anyone to try every item on the menu to know which is your to go pie.,5,3,3,3
ludovic almanzar,Very busy during lunch hour but if yu want a quick healthy Lebanese Zafar meat pies pizza this is the e spot excellent service very fast  these guys work very hard,4,4,3,3
deepak jose,Best meat pies. So soft and full of flavour. Make you carve more.,5,3,3,3
Marvin Chanta,"Everything is great just would like to see gloves used.
Food: 3/5Â Â |Â Â Service: 3/5Â Â |Â Â Atmosphere: 3/5

Recommended dishes
Meat Pie",4,4,4,3
Mohamad Mansour,"Amazing just amazing best cheese and zaatar pies
Food: 5/5Â Â |Â Â Service: 5/5Â Â |Â Â Atmosphere: 5/5

Recommended dishes
Cheese Pie",5,5,5,3
Gabriel Nwatarali,"Been going there for year's and the food always taste good.
Recommended dishes
Meat Pie, Meat & Cheese",4,3,3,3
Elise Chahwan,The only place I go for meat or cheese pies. Honestly itâ€™s better than the meat pies Iâ€™ve had in Lebanon.. ğŸ¤­,4,3,3,3
Rayan Mazeh,"Best bakery in ottawa! Loved the cheese meat and zaatar pie, always fresh, and good customer service",5,5,3,3
Khaled Qaddumi,Food here is really good for a quick bite. Right price and gives you the right meal to continue on with your day.,5,3,3,5
Yana Hatoum,"Best meat pie ever, very tasty and always fresh",5,3,3,3
Paul Piechota,Amazing and affordable cheese pies! Love coming here!,5,3,3,5
Amgad Abdou,"Nice people, fast service and reasonable prices but cash only",3,4,3,4
Redha Yac,"Excellent choice of quality and price
Delicious pizza
Friendly staff
I recommend
It deserves more than 5 stars
Well done ğŸ‘Œ
Food: 5/5Â Â |Â Â Service: 5/5Â Â |Â Â Atmosphere: 5/5

Parking space
Plenty of parking

Parking options
Free parking lot",5,5,5,5
Didi P,"Very good meat pies, served with kindness. We leave Gatineau to go buy them in Ottawa. When will there be a little restaurant like this in Gatineau? ?

Parking: Is located in a small shopping center.
Food: 5/5Â Â |Â Â Service: 5/5Â Â |Â Â Atmosphere: 5/5

Parking space
Plenty of parking

Parking options
Free parking lot",4,4,4,3
AndrÃ© Voyageur,"It's a simple place that only does one thing, but does it extremely well. Zaatar and lahambajine (meat) are the best. It takes two or three to make a meal. Itâ€™s like being in the Middle East and I go back there at least once a week. We only accept cash.",5,3,3,5
Michel D'Aoust,For fans of Pizza and Meat PÃ¢ti.  Number #1. A small Nouri Pizza for 2 people because nothing is missing and don't ask for anything extra because you won't finish it. A real and fresh tasting not to be forgotten. Bon Appetit to all. Thank you from Michel D'Aoust,5,3,3,3
Gab Vaugeois,"Sahtein!!!
Food: 5/5Â Â |Â Â Service: 5/5Â Â |Â Â Atmosphere: 5/5",5,5,5,3
Soraya Mondjo,"The pizza is really good but the place is not very neat especially the toilets

Kid-friendliness: It is suitable for children
Food: 5/5Â Â |Â Â Service: 5/5Â Â |Â Â Atmosphere: 2/5

Parking space
Plenty of parking

Parking options
Free parking lot",3,3,3,3
Omar G,The meat pie is very delicious and filling. May God bless them,5,3,3,3
Amel Philippe Naroun,"It was excellent. The dough was tasty, the ingredients on it were fresh. I recommend!",3,3,3,3
Moe Alk,"God willing, the best meat pie I have ever tasted is in Canada, not just Ottawa!!
Recommended dishes
Meat Pie",5,3,3,3
Jacques Marengere,"Always prepare the different pitas well and the superb and fast customer service, excellent choice.",3,5,3,3
Boubou diouf ibouily,Very good restaurant for small appetites and cheaper too.,3,3,3,3
Hamooda ĞœĞ¾Ñ…Ğ°Ğ¼Ğ¼ĞµĞ´ ĞĞ»ÑƒĞ» Al Aloul,"very very gooood
I know
Food: 5/5Â Â |Â Â Service: 5/5Â Â |Â Â Atmosphere: 5/5",4,4,4,3
Mohamed Larbi Ebdelli,"good food, a little expensive but they only take cash!",4,3,3,4
kadri Mohamed,"Too expensive, plus it only takes cash...",3,3,3,1
Tima Obaid,Best Maneesh in town ğŸ˜,3,3,3,3
Vanessa Girard,Delicious. Cash only though.,3,3,3,4
J,Best best bakery Amazing pies,5,3,3,3
TEVFIK AKTAS,ğŸ‘,3,3,3,3
Hadeel Alsaraaf,,3,3,3,3
Abir Babili,The best cheese and spinach fatayer,5,3,3,3
Ø¯ Ø§Ø­Ù…Ø¯ Ø­Ø§ÙØ¸,"Delicious pastries
Food: 5/5Â Â |Â Â Service: 5/5Â Â |Â Â Atmosphere: 5/5",5,5,5,3
Adel Jad,"Recommended dishes
Meat Pie",5,3,3,3
Eryc Ethier,"Food: 4/5Â Â |Â Â Service: 4/5Â Â |Â Â Atmosphere: 4/5

Recommended dishes
Meat Pie",4,4,4,3
Jason Cams,Food: 5/5Â Â |Â Â Service: 5/5Â Â |Â Â Atmosphere: 5/5,5,5,5,3
Fouz M,"Recommended dishes
Meat & Cheese",5,3,3,3
Peter Aboud,Food: 5/5Â Â |Â Â Service: 5/5Â Â |Â Â Atmosphere: 5/5,5,5,5,3
rob russell,Food: 5/5Â Â |Â Â Service: 4/5Â Â |Â Â Atmosphere: 3/5,4,4,4,3
Sana A.,Food: 5/5Â Â |Â Â Service: 5/5Â Â |Â Â Atmosphere: 5/5,5,5,5,3
Ghassan Assim,"Food: 5/5Â Â |Â Â Service: 5/5Â Â |Â Â Atmosphere: 3/5

Recommended dishes
Meat & Cheese, Veggie Zaatar

Parking space
Somewhat difficult to find parking

Parking options
Free parking lot",4,4,4,3
Cassandra Leger,,3,3,3,3
Cleo Roberge,"Food: 5/5Â Â |Â Â Service: 5/5Â Â |Â Â Atmosphere: 5/5

Recommended dishes
Meat Pie, Cheese Pie, Meat & Cheese",5,5,5,3
Eli Nassrallah,Food: 5/5Â Â |Â Â Service: 5/5Â Â |Â Â Atmosphere: 5/5,5,5,5,3
Munir Anameric,Food: 4/5Â Â |Â Â Service: 4/5Â Â |Â Â Atmosphere: 4/5,4,4,4,3
Charbel Esber,"Recommended dishes
Meat Pie",5,3,3,3
Kamal Saidoun,Food: 5/5Â Â |Â Â Service: 5/5,5,5,3,3
Ejaz Malikzada,"Food: 5/5Â Â |Â Â Service: 5/5Â Â |Â Â Atmosphere: 2/5

Recommended dishes
Meat Pie, Meat & Cheese

Parking space
Plenty of parking

Parking options
Free parking lot, Free street parking",4,4,4,3
Ali Nibouche,"Food: 5/5Â Â |Â Â Service: 5/5Â Â |Â Â Atmosphere: 5/5

Recommended dishes
Meat & Cheese",5,5,5,3
Aksel Å»ygowski-Everets,Food: 5/5Â Â |Â Â Service: 5/5Â Â |Â Â Atmosphere: 4/5,5,5,5,3
Priso PCA,Food: 3/5Â Â |Â Â Service: 3/5Â Â |Â Â Atmosphere: 3/5,3,3,3,3
Homam - KA,Food: 5/5Â Â |Â Â Service: 5/5Â Â |Â Â Atmosphere: 5/5,5,5,5,3
Pulkit Mogra,"Recommended dishes
Pizza Pie Made with Feta Cheese, Veggie Zaatar",5,3,3,3
Reeced Felhaber,Food: 5/5Â Â |Â Â Service: 5/5Â Â |Â Â Atmosphere: 5/5,5,5,5,3
Ashley Leduc,"Food: 5/5Â Â |Â Â Service: 5/5Â Â |Â Â Atmosphere: 5/5

Recommended dishes
Meat & Cheese",5,5,5,3
Sandrine Muhimpundu,Food: 5/5Â Â |Â Â Service: 5/5Â Â |Â Â Atmosphere: 5/5,5,5,5,3
Thag O'Mizer,Food: 5/5Â Â |Â Â Service: 5/5Â Â |Â Â Atmosphere: 4/5,5,5,5,3
Michel Lafleur,Food: 5/5Â Â |Â Â Service: 5/5Â Â |Â Â Atmosphere: 4/5,5,5,5,3
M F,Food: 5/5Â Â |Â Â Service: 5/5Â Â |Â Â Atmosphere: 4/5,5,5,5,3
Ã¶zcan toprak,Lose,3,3,3,3
Patricia Cuomo,Food: 5/5Â Â |Â Â Service: 5/5Â Â |Â Â Atmosphere: 5/5,5,5,5,3
Mique Michelle,Food: 5/5Â Â |Â Â Service: 5/5Â Â |Â Â Atmosphere: 5/5,5,5,5,3
andrew schneider,Food: 5/5Â Â |Â Â Service: 5/5Â Â |Â Â Atmosphere: 5/5,5,5,5,3
Simon Trep,Succulent and decadent,3,3,3,3
Thomas Faour,Food: 5/5Â Â |Â Â Service: 5/5Â Â |Â Â Atmosphere: 5/5,5,5,5,3
steve mangiala,Food: 5/5Â Â |Â Â Service: 5/5Â Â |Â Â Atmosphere: 5/5,5,5,5,3
Ermilla Tolete-Wallace,,3,3,3,3
Ibrahima Diagne,Delicious and fresh food,5,3,3,3
G Money,Food: 4/5Â Â |Â Â Service: 4/5Â Â |Â Â Atmosphere: 4/5,4,4,4,3
Rema Hage,Food: 4/5Â Â |Â Â Service: 4/5Â Â |Â Â Atmosphere: 5/5,4,4,4,3
freud guÃ©dou,Excellent,3,3,3,3
stephanie ouellette,Excellent,3,3,3,3
Basem Masri,,3,3,3,3
Anthony Oliveira,,3,3,3,3
Ù…Ø­Ù…Ø¯ Ø§Ø¨Ø±Ø§Ù‡ÙŠÙ…,,3,3,3,3
Alfred Wong,,3,3,3,3
Matthias Mark-George,,3,3,3,3
Abd Ashkar,,3,3,3,3
Tina Diloreto,,3,3,3,3
Milad,,3,3,3,3
Ahmed Mustafa,,3,3,3,3
Arturo Fernandez,,3,3,3,3
T T,,3,3,3,3
econ omist,Food: 5/5Â Â |Â Â Service: 5/5,5,5,3,3
Tasha Benjamin,"Food: 5/5Â Â |Â Â Service: 5/5Â Â |Â Â Atmosphere: 5/5

Recommended dishes
Meat Pie, Cheese Pie",5,5,5,3
Mahdi TR,,3,3,3,3
kamro saib,,3,3,3,3
Saja Yacob,"Food: 5/5Â Â |Â Â Service: 5/5Â Â |Â Â Atmosphere: 4/5

Recommended dishes
Meat And, Cheese Pie",4,4,4,3
Ahmed amazigh Ben maatoug,Food: 2/5Â Â |Â Â Service: 4/5Â Â |Â Â Atmosphere: 2/5,4,4,4,3
Hamidreza Hatami Shirkouhi,"Food: 4/5Â Â |Â Â Service: 5/5Â Â |Â Â Atmosphere: 3/5

Recommended dishes
Meat Pie",4,4,4,3
Marc Attieh,Food: 5/5Â Â |Â Â Service: 4/5Â Â |Â Â Atmosphere: 2/5,4,4,4,3
Hanaa Wazzan,,3,3,3,3
Leonard Mmunga,Food: 5/5Â Â |Â Â Service: 5/5Â Â |Â Â Atmosphere: 5/5,5,5,5,3
abo ali,Food: 1/5Â Â |Â Â Service: 1/5Â Â |Â Â Atmosphere: 1/5,4,4,4,3
Abe Hussein,Food: 5/5Â Â |Â Â Service: 5/5Â Â |Â Â Atmosphere: 5/5,5,5,5,3
Mai Awwad,Food: 5/5Â Â |Â Â Service: 5/5Â Â |Â Â Atmosphere: 5/5,5,5,5,3
S Nash,Food: 5/5Â Â |Â Â Service: 5/5,5,5,3,3
Melissa McGee,Food: 4/5Â Â |Â Â Service: 4/5Â Â |Â Â Atmosphere: 4/5,4,4,4,3
Saba,Food: 5/5Â Â |Â Â Service: 5/5Â Â |Â Â Atmosphere: 5/5,5,5,5,3
Nilla H,Food: 1/5Â Â |Â Â Service: 1/5Â Â |Â Â Atmosphere: 1/5,4,4,4,3
Kimia Hooshmand,Food: 3/5Â Â |Â Â Service: 1/5Â Â |Â Â Atmosphere: 2/5,3,3,3,3
Bouazaoui Tahiri,,3,3,3,3
Kevin Bhavsar,"Food: 5/5Â Â |Â Â Service: 5/5Â Â |Â Â Atmosphere: 5/5

Recommended dishes
And Veg, Spinach & Cheese, Mango Juice

Parking space
Plenty of parking

Parking options
Free parking lot, Free street parking",5,5,5,3
liza haddad,Food: 5/5Â Â |Â Â Service: 5/5Â Â |Â Â Atmosphere: 5/5,5,5,5,3
Sarah Richer,Food: 5/5Â Â |Â Â Service: 5/5Â Â |Â Â Atmosphere: 5/5,5,5,5,3
michael 1,Food: 5/5Â Â |Â Â Service: 5/5,5,5,3,3
M A C Ä° T G Ã– K,,3,3,3,3
Zeyad Abusnineh,"Food: 5/5Â Â |Â Â Service: 5/5Â Â |Â Â Atmosphere: 5/5

Recommended dishes
Meat Pie, Cheese Pie",5,5,5,3
philip shahbazi,Food: 5/5Â Â |Â Â Service: 5/5Â Â |Â Â Atmosphere: 4/5,5,5,5,3
basma Ali,"Food: 5/5Â Â |Â Â Service: 5/5Â Â |Â Â Atmosphere: 4/5

Recommended dishes
Meat Pie, Cheese Pie",4,4,4,3
Dimitri Pinto,Food: 5/5Â Â |Â Â Service: 4/5Â Â |Â Â Atmosphere: 4/5,4,4,4,3
Soha Dadoun,Food: 5/5Â Â |Â Â Service: 5/5Â Â |Â Â Atmosphere: 5/5,5,5,5,3
Emon Ahmed,Food: 5/5Â Â |Â Â Service: 5/5Â Â |Â Â Atmosphere: 5/5,5,5,5,3
Rachid Beydoun,Food: 4/5Â Â |Â Â Service: 4/5Â Â |Â Â Atmosphere: 4/5,4,4,4,3
Youssouf Ismael,Food: 5/5Â Â |Â Â Service: 5/5Â Â |Â Â Atmosphere: 5/5,5,5,5,3
Omar Alomar,Food: 5/5Â Â |Â Â Service: 5/5Â Â |Â Â Atmosphere: 5/5,5,5,5,3
abdel chaabane,"Food: 5/5Â Â |Â Â Service: 5/5Â Â |Â Â Atmosphere: 3/5

Recommended dishes
Meat Pie, Cheese Pie

Parking options
Free parking lot",4,4,4,3
Sibghat S,Food: 5/5Â Â |Â Â Service: 5/5Â Â |Â Â Atmosphere: 5/5,5,5,5,3
Marcel Lacroix,,3,3,3,3
Caroline Tseng,Food: 5/5Â Â |Â Â Service: 5/5Â Â |Â Â Atmosphere: 4/5,5,5,5,3
Phil Assad,,3,3,3,3
Sobhy Masoud,,3,3,3,3
Mash Frouhar,,3,3,3,3
Ahnas Hussein,Food: 5/5Â Â |Â Â Service: 5/5Â Â |Â Â Atmosphere: 5/5,5,5,5,3
Tya,Food: 5/5,5,3,3,3
Chamel Ch,,3,3,3,3
Cliffy D. Pine,,3,3,3,3
Jason Quenneville,,3,3,3,3
FA 93,,3,3,3,3
Yamen Twearish,Food: 5/5Â Â |Â Â Service: 5/5Â Â |Â Â Atmosphere: 5/5,5,5,5,3
Oussama Guellab,Food: 4/5Â Â |Â Â Service: 4/5Â Â |Â Â Atmosphere: 3/5,4,4,4,3
Sylvain Caron,,3,3,3,3
